score %,Sect A,Sect B
80.000000,21.000000,43.000000
40.000000,34.000000,56.000000
100.000000,40.000000,60.000000
70.000000,54.000000,76.000000
60.000000,67.000000,89.000000
90.000000,87.000000,12.000000
50.000000,90.000000,23.000000
