score %,Sect A,Sect B
50.000000,90.000000,23.000000
40.000000,34.000000,56.000000
